index	id	week	category	description
0	KPI01	19	Инцидент	МФГ: Не своевременно разгрузка товара со склада,оператор ошибочно не завершил вовремя ;
1	KPI01	24	Отклонение	МФГ: Не своевременно разгрузка товара со склада по заданию 000010939 ,оператор ошибочно не завершил вовремя (Кабылбекова Р.);
2	KPI01	25	Отклонение	МФГ: В связи с большими расхождениями, пересчитывали 3 раза короба.;
3	KPI01	34	Отклонение	"МФГ: Сотрудник допустил ошибку, не завершив задание 000012864 вовремя.; 
МФГ: Сотрудник допустил ошибку, не завершив задание 000012865 вовремя.;"
4	KPI01	35	Отклонение	МФГ: По заданиям 000012913, 000012997 несвоевременно завершено. оператор ошибочно не завершил вовремя.;
5	KPI02	11	Инцидент	МФГ: Не своевременно отгрузка товара со склада,оператор ошибочно не завершил вовремя ;
6	KPI02	18	Инцидент	МФГ: Не своевременно разгрузка оборудования со склада,оператор ошибочно не завершил вовремя ;
7	KPI02	21	Отклонение	МФГ: Не своевременно разгрузка оборудования со склада,оператор ошибочно не завершил вовремя (000010567,000010535);
8	KPI02	22	Отклонение	МФГ: Не своевременно разгрузка оборудования со склада,оператор ошибочно не завершил вовремя (10639, 010640);
9	KPI02	25	Отклонение	МФГ: Не своевременно отгрузка товара со склада,оператор ошибочно не завершил вовремя ;
10	KPI02	26	Отклонение	МФГ: Не своевременно выгрузка оборудавния, по причине большого объема разгрузки. Номер ЗТС 000011327;
11	KPI02	26	Сбой	МФГ: Склад При разгрузки водиля ,не посмотрел содержимое пакетов и отнес их на товарный склад,тем самым усложнил поиски данных пакетов;
12	KPI02	34	Отклонение	МФГ: Сотрудник допустил ошибку, не завершив задание 000012831 вовремя.;
13	KPI03	10	Инцидент	"МФГ: Не своевременно отгрузка товара со склада,оператор ошибочно не завершил вовремя ; 
МФГ: Не своевременно отгрузка товара со склада,оператор ошибочно не завершил вовремя ; 
МФГ: Не своевременно отгрузка товара со склада,оператор ошибочно не завершил вовремя ; 
МФГ: Не своевременно отгрузка товара со склада,оператор ошибочно не завершил вовремя ;"
14	KPI03	18	Инцидент	МФГ: Не своевременно отгрузка товара со склада,оператор ошибочно не завершил вовремя ;
15	KPI03	20	Инцидент	МФГ: Не своевременно отгрузка товара со склада,оператор ошибочно не завершил вовремя ;
16	KPI03	25	Отклонение	МФГ: Не своевременно отгрузка товара со склада,оператор ошибочно не завершил вовремя ;
17	KPI03	27	Отклонение	МФГ: По заданию ТС 000011468 не завершили своевременно, в связи с тем, что водитель приехал на погрузку после окончания рабочего дня. Завершить задание после окончания рабочего дня не представлялось возможным (нет доступа). Оператора в ночь не было.;
18	KPI03	32	Отклонение	SL: По заданию ТС 000012416 грузилась машина на открытие валовой погрузкой.Мега-Парнас SL-2 (СПб);
19	KPI04	12	Инцидент	МФГ: Не своевременно обработанные возвраты на сток, по причине вывоза товара на временное хранение с дальнейшей отправкой грузополучателю;
20	KPI04	20	Инцидент	МФГ: Не своевременно обработанные возвраты на сток, по причине вывоза товара на временное хранение с дальнейшей отправкой грузополучателю;
21	KPI04	21	Отклонение	МФГ: Временно приостановлена приемка возвратов, приоритет по другим задачам.;
22	KPI04	22	Отклонение	МФГ: Не своевременно обработанные возвраты на сток, по причине вывоза товара на временное хранение с дальнейшей отправкой грузополучателю;
23	KPI04	24	Отклонение	МФГ: Не своевременно обработанные возвраты на сток, по причине инвентаризации склада ;
24	KPI04	26	Отклонение	МФГ: Временно приостановлена приемка возвратов, приоритет по другим задачам.;
25	KPI04	28	Отклонение	МФГ: Не своевременно обработанные возвраты на сток, по причине вывоза товара на временное хранение с дальнейшей отправкой грузополучателю;
26	KPI04	29	Отклонение	МФГ: Не своевременно обработанные возвраты на сток, по причине вывоза товара на временное хранение с дальнейшей отправкой грузополучателю;
27	KPI04	30	Отклонение	МФГ: Не своевременно обработанные возвраты на сток, по причине вывоза товара на временное хранение с дальнейшей отправкой грузополучателю;
28	KPI04	35	Отклонение	МФГ: Не своевременно обработанные возвраты на сток, по причине вывоза товара на временное хранение с дальнейшей отправкой грузополучателю;
29	KPI04	36	Отклонение	ZR: Вывоз товара на временное хранение;
30	KPI05	21	Отклонение	МФГ: Временно приостановлена приемка возвратов, приоритет по другим задачам.;
31	KPI05	35	Отклонение	ZR: Запущена приемка на 21 тыс ед. ZR;
32	KPI08	13	Инцидент	МФГ: Не своевременное принятие содержимого коробов, содержащих возвраты из розницы.,приоритетность не выставлена строго.;
33	KPI08	15	Инцидент	МФГ: Не своевременное принятие содержимого коробов, содержащих возвраты из розницы.,приоритетность не выставлена строго.;
34	KPI08	16	Инцидент	МФГ: Не своевременное принятие содержимого коробов, содержащих возвраты из розницы.,приоритетность не выставлена строго.;
35	KPI08	17	Инцидент	МФГ: Не своевременное принятие содержимого коробов, содержащих возвраты из розницы.,приоритетность не выставлена строго.;
36	KPI08	19	Инцидент	МФГ: Не своевременное принятие содержимого коробов, содержащих возвраты из розницы.,приоритетность не выставлена строго.;
37	KPI08	20	Инцидент	МФГ: Не своевременное принятие содержимого коробов, содержащих возвраты из розницы.,приоритетность не выставлена строго.;
38	KPI08	21	Отклонение	МФГ: Временно приостановлена приемка возвратов, приоритет по другим задачам.;
39	KPI08	22	Отклонение	МФГ: Не своевременное принятие содержимого коробов, содержащих возвраты из розницы.,приоритетность не выставлена строго.;
40	KPI08	28	Отклонение	МФГ: Не своевременное принятие содержимого коробов, содержащих возвраты из розницы, приоритетность строго не выставлена.;
41	KPI08	29	Отклонение	МФГ: Не своевременное принятие содержимого коробов, содержащих возвраты из розницы, приоритетность строго не выставлена.;
42	KPI08	30	Отклонение	МФГ: Не своевременное принятие содержимого коробов, содержащих возвраты из розницы, приоритетность строго не выставлена.;
43	KPI08	32	Отклонение	МФГ: Не своевременное принятие содержимого коробов, содержащих возвраты из розницы, приоритетность строго не выставлена.;
44	KPI08	33	Отклонение	"МФГ: Не своевременное принятие содержимого коробов, содержащих возвраты из розницы.,приоритетность не выставлена строго.	Товар	Приемка	Вся неделя;"
45	KPI08	34	Отклонение	МФГ: Проблема с приёмкой товара: не выставлена приоритетность содержимого коробов с возвратами из розницы. Товар принимается в течение недели.;
46	KPI08	35	Отклонение	МФГ: Не своевременное принятие содержимого коробов, содержащих возвраты из розницы.,приоритетность не выставлена строго;
47	KPI10	26	Инцидент	МФГ: По результатам недели очень низкая производительность у сотрудника Жаныбаев Улукбек;
48	KPI11	14	Инцидент	МФГ: Кол-во проблемных коробов 12 шт, письма написаны, по 3м из них активная переписка.;
49	KPI11	20	Инцидент	МФГ: Ожидание ответа от Бренда/ ОВЛ;
50	KPI11	22	Отклонение	МФГ: При инвентаризации был выявлен паллет с коробами из Техногрупп(16кор);
51	KPI11	36	Инцидент	МФГ: 23 проблемных короба, письма написаны, ожидаем приемки;
52	KPI13	12	Инцидент	МФГ: Не своевременно закрыты приемки коробов, операторы забывают, пропускают.;
53	KPI13	13	Инцидент	МФГ: Не своевременно закрыты приемки коробов, операторы забывают, пропускают.;
54	KPI13	14	Инцидент	МФГ: Не своевременно закрыты приемки коробов, операторы забывают, пропускают.;
55	KPI13	15	Инцидент	МФГ: Не своевременно закрыты приемки коробов, операторы забывают, пропускают.;
56	KPI13	16	Инцидент	МФГ: Не своевременно закрыты приемки коробов, операторы забывают, пропускают.;
57	KPI13	17	Инцидент	МФГ: Не своевременно закрыты приемки коробов, операторы забывают, пропускают.;
58	KPI13	19	Инцидент	МФГ: Не своевременно закрыты приемки коробов, операторы забывают, пропускают.;
59	KPI13	20	Инцидент	МФГ: Не своевременно закрыты приемки коробов, операторы забывают, пропускают.;
60	KPI13	21	Отклонение	МФГ: Не своевременно закрыты приемки коробов, операторы забывают, пропускают.;
61	KPI13	22	Отклонение	МФГ: Не своевременно закрыты приемки коробов, операторы забывают, пропускают.;
62	KPI13	24	Отклонение	"МФГ: Не своевременно закрыта приемки 10115460, 10115552_x000D_
;"
63	KPI13	26	Отклонение	МФГ: Не своевременно закрыта приемки ;
64	KPI13	28	Отклонение	ZR: Приемки транзитных коробов бренда BF и ZR были закрыты с опозданием, так как в результате физической приемки коробов были выявлены задввоенные короба. На выявление верного номера короба понадобилось дополнительное время. ;
65	KPI13	32	Отклонение	МФГ: Приемки транзитных коробов были завершены с опозданием из-за большого колличества прихода кросдоковых коробов. Также по приекам возвратов с Питера были расхожения, у операторов заняло больше времени на выяснение расхождений;
66	KPI13	33	Отклонение	МФГ: Приемки транзитных коробов были завершены с опозданием из-за большого колличества прихода кросдоковых коробов. Также по приекам возвратов с Питера были расхожения, у операторов заняло больше времени на выяснение расхождений;
67	KPI13	34	Отклонение	МФГ: Задержки при приёмке транзитных коробов были вызваны большим количеством кросдоковых отправлений и необходимостью сверить возвраты из Санкт-Петербурга. Операторам потребовалось больше времени для выяснения расхождений.;
68	KPI13	35	Отклонение	МФГ: Приемки транзитных коробов были завершены с опозданием из-за большого колличества прихода кросдоковых коробов. Также по приекам возвратов с Питера были расхожения, у операторов заняло больше времени на выяснение расхождений;
69	KPI13	36	Отклонение	МФГ: Большой приход транзитных коробов. Некорректно выгружены документы приемки.;
70	KPI15	12	Инцидент	МФГ: Не своевременно закрыты приемки с Маркетплейсов, поздно поступает отклик о завершении, приемщики не успевают по причине большого объема работ, приоритетность не выставлена строго.;
71	KPI15	13	Инцидент	МФГ: Не своевременно закрыты приемки с Маркетплейсов, поздно поступает отклик о завершении, приемщики не успевают по причине большого объема работ, приоритетность не выставлена строго.;
72	KPI15	14	Инцидент	МФГ: Не своевременно закрыты приемки с Маркетплейсов, поздно поступает отклик о завершении, приемщики не успевают по причине большого объема работ, приоритетность не выставлена строго.;
73	KPI15	15	Инцидент	МФГ: Не своевременно закрыты приемки с Маркетплейсов, поздно поступает отклик о завершении, приемщики не успевают по причине большого объема работ, приоритетность не выставлена строго.;
74	KPI15	16	Инцидент	МФГ: Не своевременно закрыты приемки с Маркетплейсов, поздно поступает отклик о завершении, приемщики не успевают по причине большого объема работ, приоритетность не выставлена строго.;
75	KPI15	17	Инцидент	МФГ: Не своевременно закрыты приемки с Маркетплейсов, поздно поступает отклик о завершении, приемщики не успевают по причине большого объема работ, приоритетность не выставлена строго.;
76	KPI15	18	Инцидент	МФГ: Приёмка возвратов с маркетплейсов приостановлена в пользу приёмки товара из возвратных коробов;
77	KPI15	21	Отклонение	МФГ: Приёмка возвратов с маркетплейсов приостановлена в пользу ЗНС;
78	KPI15	22	Отклонение	МФГ: Не своевременно закрыты приемки коробов, операторы забывают, пропускают.;
79	KPI15	28	Отклонение	МФГ: Не своевременно закрыты приемки с Маркетплейсов, поздно поступает отклик о завершении, приемщики не успевают по причине большого объема работ, приоритетность не выставлена строго.;
80	KPI15	30	Отклонение	МФГ: Не своевременно закрыты приемки с Маркетплейсов, поздно поступает отклик о завершении, приемщики не успевают по причине большого объема работ, приоритетность не выставлена строго.;
81	KPI15	32	Отклонение	МФГ: Не своевременно закрыты приемки с Маркетплейсов, поздно поступает отклик о завершении, приемщики не успевают по причине большого объема работ, приоритетность не выставлена строго.;
82	KPI15	33	Отклонение	"МФГ: Не своевременно закрыты приемки с Маркетплейсов, поздно поступает отклик о завершении, приемщики не успевают по причине большого объема работ, приоритетность не выставлена строго.	Товар	Приемка	Вся неделя;"
83	KPI15	34	Отклонение	МФГ: Не своевременное закрытие приёмок с маркетплейсов из-за большого объёма работ и отсутствия строгой приоритетности. Это приводит к тому, что поздно поступает отклик о завершении работы.;
84	KPI15	35	Отклонение	МФГ: Не своевременно закрыты приемки с Маркетплейсов, поздно поступает отклик о завершении, приемщики не успевают по причине большого объема работ, приоритетность не выставлена строго.;
85	KPI15	36	Отклонение	МФГ: Приоритетность не выставлена, не хватает ресерсов для обработки (персонала);
86	KPI16	20	Инцидент	МФГ: Не своевременность приемки возвратов с маркетплейсов по причине приоритетности ЗНО;
87	KPI16	25	Отклонение	МФГ: опис;
88	KPI16	26	Инцидент	МФГ: Сотрудники на процессе чередуются при работе с ТСД, в результате падает средняя производительность.;
89	KPI18	12	Инцидент	МФГ: Количество немаркированной продукции 23349,нет свободных ресурсов, резервы по заказам не позволяющие обрабатывать конкретный бренд.;
90	KPI18	13	Инцидент	МФГ: Количество немаркированной продукции 23470,нет свободных ресурсов, резервы по заказам не позволяющие обрабатывать конкретный бренд.;
91	KPI18	14	Инцидент	МФГ: Количество немаркированной продукции 23233,нет свободных ресурсов, резервы по заказам не позволяющие обрабатывать конкретный бренд.;
92	KPI18	15	Инцидент	МФГ: Количество немаркированной продукции 18772,нет свободных ресурсов, резервы по заказам не позволяющие обрабатывать конкретный бренд.;
93	KPI18	16	Инцидент	МФГ: Количество немаркированной продукции 17890,нет свободных ресурсов, резервы по заказам не позволяющие обрабатывать конкретный бренд.;
94	KPI18	17	Инцидент	МФГ: Количество немаркированной продукции 17760,нет свободных ресурсов, резервы по заказам не позволяющие обрабатывать конкретный бренд.;
95	KPI18	18	Инцидент	МФГ: Количество немаркированной продукции 16929,нет свободных ресурсов, резервы по заказам не позволяющие обрабатывать конкретный бренд.;
96	KPI18	19	Инцидент	МФГ: Количество немаркированной продукции 169354,нет свободных ресурсов, резервы по заказам не позволяющие обрабатывать конкретный бренд.;
97	KPI18	20	Инцидент	МФГ: Количество немаркированной продукции 18151,нет свободных ресурсов, резервы по заказам не позволяющие обрабатывать конкретный бренд.;
98	KPI18	21	Отклонение	МФГ: Количество немаркированной продукции 16732,нет свободных ресурсов, резервы по заказам не позволяющие обрабатывать конкретный бренд.;
99	KPI18	22	Отклонение	МФГ: Количество немаркированной продукции 16977,нет свободных ресурсов, резервы по заказам не позволяющие обрабатывать конкретный бренд.;
100	KPI18	24	Отклонение	МФГ: Количество немаркированной продукции 16501,нет свободных ресурсов, резервы по заказам не позволяющие обрабатывать конкретный бренд.;
101	KPI18	28	Отклонение	МФГ: Количество немаркированной продукции 22169, нет свободных ресурсов, резервы по заказам не позволяющие обрабатывать конкретный бренд.;
102	KPI18	29	Отклонение	МФГ: Количество немаркированной продукции 18299, нет свободных ресурсов, резервы по заказам не позволяющие обрабатывать конкретный бренд.;
103	KPI18	30	Отклонение	МФГ: Количество немаркированной продукции 18454, нет свободных ресурсов, резервы по заказам не позволяющие обрабатывать конкретный бренд.;
104	KPI18	35	Отклонение	МФГ: Количество немаркированной продукции 11119,нет свободных ресурсов, резервы по заказам не позволяющие обрабатывать конкретный бренд.;
105	KPI18	36	Отклонение	МФГ: Нет свободных ресурсов для выполнения перемаркировки товара отдельным процессом.;
106	KPI21	9	Отклонение	МФГ: BF недоборы по утилизации.ZR пересечение с ранее выгруженными заявками;
107	KPI21	16	Инцидент	"МФГ: По заказу Z002371991 недобор составил 496 ед. из 498 ед. С отделом ОВЛ недобор согласован, так как товар пошел в приоритетный ЗНС. 
;"
108	KPI21	17	Инцидент	"МФГ: По заказам Z002448854, Z002448892, Z002448833  недобор составил 628 по причине выбраковки товара на контроле. Также бренд запросил изъять весь артикул из ЗНС 002448854 артикул 3805040205
;"
109	KPI21	20	Инцидент	"ZR: По заказам ZARINA было выписано больше ед., чем есть на остатках.
;"
110	KPI21	21	Инцидент	"ZR: По заказам ZARINA было выписано больше ед., чем есть на остатках. Также бренд попросил выгрузить ЗНС до определенной даты. Срок выполнения ЗНС бренда не устроил 
;"
111	KPI21	22	Отклонение	"BF: По заказам BF на откланения приемки были выписаны заявки пересекающиеся друг с другом
ЗНС: 002668179, 002567831, 002523795;"
112	KPI21	26	Отклонение	МФГ: Проблемы с перемаркировкой товара;
113	KPI21	31	Отклонение	ZR: ЗНС: 002970497,002970433, 002970434,002970499 были созданы на оснавании транзитных коробов, которые принимались в момент создания ЗНС.  В процессе приемки товар был разбракован. Были выявлены излишки и недостачи. В процессе планирования данных ЗНС было выявлено, что товар который требуется в заказ в разных статусах, а также отсутствует на остатках. Было принято решение собирать ЗНС в тех статусах, в которых ед. товара больше на остатках склада УЗ.;
114	KPI21	32	Отклонение	МФГ: Был выявлен другой статус товра при комплектации ЗНС.;
115	KPI21	33	Отклонение	"МФГ: Было отобрано меньше ед в заказы 002970500, 002970502, 002970503, 002970713, 002970714, 002970420, 002970422, 002970423, 002970705, 002970698, 002970699,002970704 по причине другого статуса товара, отсутствия на остатках
;"
116	KPI21	34	Отклонение	МФГ: На складе не смогли отобрать товары в заказы № 2970501, 002970715 и 002970716, поскольку они имели другой статус или отсутствовали на остатках.;
117	KPI21	36	Инцидент	МФГ: По заявкам 003167798, 003167729, 003167803 (LR)  было собрано половина запланированного обьема из-за необходимости срочной отргузки. По заявкам 003129936, 003144765, 003150073, 003150115, 003129840 (ZR) товар в другом статусе.;
118	KPI22	6	Отклонение	МФГ: Комплектация заказа №1 прошла с задержкой;
119	KPI22	13	Инцидент	МФГ: Поздно был скорректирован заказ (потеряны короба на поляне, поиск);
120	KPI22	14	Инцидент	МФГ: Поздно был скорректированы заказ на утилизацию;
121	KPI22	16	Инцидент	"МФГ: Комплектации заказов для ""Отклонения приемки наборов"" были выполнены с задержкой, так как были более приоритетные ЗНС;"
122	KPI22	22	Отклонение	"МФГ: Комплектации заказов для ""Отклонения приемки наборов"" были выполнены с задержкой, так как были более приоритетные ЗНС;"
123	KPI22	30	Отклонение	МФГ: Были выгружены более приоритетные заявки: 002942116, 002938933;
124	KPI22	32	Отклонение	ZR: По ЗНС 002996830 велись поиски ед для подбора в заказ. По заказам ZR комплектация была завершена не вовремя, так как были выгружены приоритетные заявки по BF;
125	KPI22	33	Отклонение	ZR: По заказам ZR была просрочена комплектации из-за допланирования заказов.;
126	KPI22	35	Отклонение	ZR: Комплектация по заказам ZR была просрочена из-за дополнительного планирования заказов.;
127	KPI28	7	Отклонение	ID: SELA - не своевременная проводка документов в 1С. IDOL - ОжП 10107694 принята как оборудование, отгружалась частично как товар.;
128	KPI28	9	Отклонение	BF: IDOL  ОжП 10107694 принята как оборудование, отгружалась частично как товар.SL,BF - в 1С не проведены несколько перемещений.;
129	KPI28	19	Отклонение	"BF: В 1С проведена  Накладная на реализацию MF000102498, в WMS (Z002441343,Z002441389) статус Готов к отгрузке; 
ID: Не корректный учет и проводки по форме;"
130	KPI32	12	Инцидент	МФГ: ЗНС Z002307787 отменена, т.к товар физичестки отсутствует на складе УЗ. По системе товар не перенесен в LOST.;
131	KPI33	17	Инцидент	МФГ: Зона готовых заказов заполнена на 165% по причине большого вывоза транзитных коробов из розницы на склад Ф-Логистик Кучино ;
132	KPI33	19	Инцидент	МФГ: Зона готовых заказов заполнена на 143% по причине большого вывоза транзитных коробов из розницы на OZON, а также по причине неотгруженных скомплектованных заказов со стока;
133	KPI33	20	Инцидент	ZR: Зона готовых заказов заполнена на 160% по причине неотгруженных скомплектованных заказов со стока ZARINA;
134	KPI33	31	Отклонение	ZR: Зона готовых заказов заполнена на 95% по причине неотгруженных скоплектованных заказов ZR и BF;
135	KPI33	32	Отклонение	ZR: Зона котовых заказов заполнена на 152% так как ZR выписала заявки с большим объемом;
136	KPI33	35	Отклонение	ZR: Зона готовых заказов заполнена на 152% так как ZR выписала заявки с большим объемом;
137	KPI33	36	Отклонение	ZR: ZR не вывозит готовые ЗНС;
138	KPI34	32	Сбой	МФГ: Технический сбой тсд привел к простою работы склада оборудования. Заявка ХД 202408129967 ;
139	KPI35	36	Отклонение	SL: Ведется переписка с брендом о не подписанном оборудовании.;
140	KPI36	1	Инцидент	BF: Лондон Молл BF-2 (СПб) SO000113535/PO000022210 магазин получил не полную комплектацию;
141	KPI36	2	Сбой	"МФГ: PO000022335 КОМПЛЕКТ ЛИСТОВОК-шаблонов ""АКЦИЯ"" // А4+А5 по 100 шт.Некоректная приемка товара.;"
142	KPI36	4	Сбой	МФГ: PO000022667 Датчик антикражный Golf 54 гольф чёрный ракушка Акустомагнитный принят неверно;
143	KPI36	6	Сбой	"МФГ: PO000022236, PO000022126, PO000022237 Принято на обезличенную номенклатуру, приёмки не закрыты.; 
ZR: Мегаполис-2, ZR (Гатчина) SO000117296/PO000023082 Товар числился в TR_IN ,после ,его обнулили (643504407)Кронштейн фронтальный белый, краш.металл (Franch);"
144	KPI36	8	Сбой	"МФГ: PO000023388 Вешалки не соответствуют номенклатуре; 
МФГ: PO000023446 Набор ящиков плетеных, 36*26*11см товар был задвоен на остатках скада;"
145	KPI36	10	Сбой	"МФГ: Склад 643273852 ЛампаLEDE277W220V; 
МФГ: Склад 643295506/4-08-03-4 Вешалка черная прорезиненная блузочная EISHO LR, магазин получил не тот товар;"
146	KPI36	11	Инцидент	"ZR: Старший менеджер по снабжению На одной номенклатуре числится разный вид оборудования..; 
BF: Сити Парк BF-2 (Саранск) Приемка Не верно была принята номенклатура, крючки с разной длиной на одну бельевые и обычные;"
147	KPI36	11	Сбой	BF: BF 128955 Заявку 000128955 мы не можем отгрузить в полном объеме, т.к. у нас возник пересорт.;
148	KPI36	12	Инцидент	ZR: оборудование бренда 643194070 Ошибки по приемке на корректность определения  Держатель для фронта белый, краш.металл, а должен быть Кронштейн навесной пристенный горизонтальный ZR, крашен.металл RU ZA-HH12-M09.RU;
149	KPI36	14	Сбой	"МФГ: склад   TR00224508/ 7000984071 643291321  /  Кронштейн для боковой развески нержавейка BF; 
МФГ: Мармелад BF (Череповец) PO000024252 были излишне отгружена позиция Рука для аксессуаров 43см, до локтя правая BF-MD-015; 
МФГ: Склад PO000024352 Вместо заявленных 2 шт. было отгружено 30 шт.,;"
150	KPI36	16	Инцидент	ID: Авиапарк ID.STF.029-01 Термоэтикетка S 40*20 мм, белые рулон ID  не прихоит этикетка;
151	KPI36	16	Сбой	"МФГ: Склад PO000024604 Наклейка в примерочную ""мобильный"";"
152	KPI36	20	Инцидент	SL: Сити Молл SL (СПб) SO000124536/ 000134125 вместо 643454180(Вешалка черная MNZ41 Блузочная_антискользящая накл.) на магазин прислали детскую вешалку. На коробке стикер женская вешалка. ;
153	KPI36	21	Инцидент	BF: Склад Склад Штора в примерочную кабину для магазина Лотос Плаза BF-2 (Петрозаводск);
154	KPI36	25	Сбой	LR: Склад Джокерная система, Фланец высокий d25 LR;
155	KPI36	26	Сбой	LR: Склад Джокерная система, Фланец высокий d25 LR;
156	KPI36	29	Сбой	"МФГ: Склад Передал оборудование с товарного склада без приемки на склад оборудования; 
МФГ: Склад Передал оборудование с товарного склада без приемки на склад оборудования, тем самым задвоил приемку;"
157	KPI36	31	Инцидент	"SL: Меркурий SL-2 (СПб) SO000132115 ПРИЕМЩИК не соединил комплектом ""new"" и ""collection"". Из-за чего сборщик ошибочно собрал new collection без ""new"" - 643495278;"
158	KPI36	32	Сбой	МФГ: Технический сбой тсд привел к простою работы склада оборудования. Заявка ХД 202408129967 ;
159	KPI39	1	Инцидент	SL: Планета SL (Пермь) SO000113164/PR00154762 Ценникодержатель для напольного кронштейна А4 GU на магазин поступил не тот товар;
160	KPI39	2	Инцидент	"ID: МореМолл ID (Сочи) SO000112078/PR00154747 ИТ-оборудование, короб. Не верный отбор коробов по системе.; 
ID: МореМолл ID (Сочи) PR00154958 магазин получил товар в 2р больше, чем заказал; 
BF: Мирный BF (Зеленодольск) SO000113823/PR00155203 Магазин получил товар упаковками, заказ был сделан штуками; 
ZR: Горизонт LR-3 (Ростов-на-Дону) PR00154731 Светильник светодиодный PHILIPS PANEL RC048 (34mm) 36Вт 595x595x34 магазин получил товар в коробках, а не штуках;"
161	KPI39	2	Сбой	ZR: Космос ZR (Ставрополь) PR00155035 повреждение ТМЦ;
162	KPI39	6	Сбой	LR: Каскад2 LR (Чебоксары) SO000116621 / PR00159245 Оборудование для франчезера LR ИП ЛЕЩЕВА ЕКАТЕРИНА АЛЕКСАНДРОВНА. магазин не получил заказанный товар в полном объеме;
163	KPI39	7	Инцидент	"BF: Галерея Чижова BF-3 (Воронеж) 000123435 / SO000117224 Шторы 13 штук. - 643153985. магазин получил чужие шторы; 
ZR: Ярмарка ZR-3 (Астрахань) PR00159833 / 000123232 / SO000117489 Держатель для стены и арки ZR к-т 6 шт - 643499286. Магазин не получил полный комплект.; 
SL: МореМолл SL (Сочи)  SO000117514  / 000126980 Номерки для примерочных с прорезными цифрами (100*300 мм), SL, перегруз;"
164	KPI39	8	Инцидент	"BF: Мармелад BF (Череповец) 000122562/PR00160268 Рука для аксессуаров 43см, до локтя правая BF-MD-015 Магазин получил заказ в коробах, а не штуках; 
ID: IDOL Павелецкая Плаза 000126831 / SO000117347 / PR00160105 Термоэтикетка S 40*20 мм, белые рулон ID. магазин не получил заказ; 
BF: Склад  SO000117224, SO000117222
SO000117428, SO000117429
 Магазины получили не свои шторы;"
165	KPI39	9	Инцидент	МФГ: Июнь BF (СПб) PR00160813/ O000117697 /000000716407 Шторы befree недовоз;
166	KPI39	9	Сбой	МФГ: Склад PR00160869 Размерник на вешалку синий XL. Халатное отношение;
167	KPI39	11	Инцидент	SL: Шоколад SL (Москва) SO000119267 / 000128905 Номерки для примерочных с прорезными цифрами (100*300 мм), SL перегруз;
168	KPI39	12	Инцидент	"МФГ: Оборудование офиса SO000120062 / 000129557 Стол офисный 1400 мм х 700 мм белый FIN/ Получил 9 столов, судя по увиденному нам прислали даже те 2 стола. На одном столе сломаны ножки, а другом сильно поцарапана столешница.; 
BF: Эко Парк Мурино BF (СПб) 000129835 / PR00164021 Огнетушитель ОП-4(з) АВСЕ Отправлен огнетушитель без документов;"
169	KPI39	12	Сбой	МФГ: Склад PR00163755 Полка большая для бельевой ниши 620*300 RUS LR, магазин получил лишний товар;
170	KPI39	14	Инцидент	"МФГ: По 2м заявкам частичная отгрузка согласована с брендом 130590,130797. По заявке 130918 вешалки временно утеряны.
; 
SL: Казань Молл SL (Казань) PR00165403 / 000131048 Ростомер на монтажной пленке, белый, SL привезли поврежденный;"
171	KPI39	15	Инцидент	ZR: Метрополис ZR-3 (Москва) SO000122217/ PR00167043 Проверить была ли отгружена данная позиция по заявке 000128910;
172	KPI39	15	Сбой	"МФГ: склад  SO000121931 / PR00166237 При комплектации товара, произошло повреждение; 
МФГ: Зеленопарк SL 2 (Зеленоград) PR00167033 / 000131872 Искусственное растение СПАЦИФИЛУМ куст Мидл зел., 20 см, получили товар не по заказу; 
ZR: Лотос Плаза ZR-3 (Петрозаводск) PR00166609 Произвел комплектацию без просчета оборудования находящегося в коробке.Вместо 3 корзин отправил 4.;"
173	KPI39	16	Инцидент	SL: Планета SL (Новокузнецк) PR00168493 / 000132677 по заявке пришли белые вешалки вместо черных, фото во вложении. На коробке даже ярлык с указанием, что они белые, хотя артикулы в заявке черного цвета.;
174	KPI39	17	Инцидент	BF: Лондон Молл BF-2 (СПб) SO000123647 отправили ленты для бейджей 2шт вместо 2-х упаковок по 5шт., недовоз 8шт.,;
175	KPI39	18	Инцидент	SL: Бутово Молл SL (Москва) SO000123554/ 000128957 Ошибка в номенклатуре, отправленной в магазин ;
176	KPI39	18	Сбой	"SL: Мега SL-2 (Новосибирск) PR00169708 / 000128233  При комплектации растения специалист склада не посмотрел какое количество в коробке (также на коробе было указано количество как заводское ,так и промаркированое на складе) тем самым отобрал лишних 2 растения и задержал сборку в другие магазины.; 
SL: Мега SL-2 (Новосибирск) PR00169701 / 000128230 При комплектации оборудования, не пересчитал количество в коробке и вместо 1-й отправил 5-ь штук.;"
177	KPI39	19	Инцидент	ZR: Галактика ZR-2 (Барнаул) 000133901 /  PR00170506 В магазин поступили светильники в кол-ве 2 шт. на шинопровод. В перемещении заявлено 1 шт., но они нам оба не подходят, намного больше по размеру. ;
178	KPI39	19	Сбой	"МФГ: Склад TR00233313 При транспортировке оборудования снял с ячейки и не отвез в буффер.; 
МФГ: Склад TR00231526 При размещении оборудования, разместил не верное количество оборудования в ячейку (вместо 62 шт. всего 42 шт) - 643480111 Хардпостер;"
179	KPI39	22	Сбой	"МФГ: Склад PR00174232 Оборудование было упаковано не корректно, (листовки не были упакованы в картон); 
МФГ: Склад  PR00174239 Вместо 80 полок было физически собрано 70 ,по системе 80. Несколько полок было посажено на одно грузоместо системно,а физически на много меньше.;"
180	KPI39	24	Инцидент	BF: Студия Рекламы ООО PR00175645 / 000137548 Бренд утверждает,что была собрана и отгружена не верна заявка.;
181	KPI39	24	Отклонение	ZR: заявка 000137370 закрыта с расхождением по причине несоответсвия остатков в 1С и ВМС, ;
182	KPI39	27	Сбой	BF: Склад PR00177834 Сотрудник промаркировал грузоместа дублями уже существующих (643523262 КОМПЛЕКТ бордов 2шт коллаборация Saint City Lovers) - 3 штуки;
183	KPI39	29	Инцидент	SL: Меркурий Спб SO000131733 / 000141363 643512251 - Ящик складной пластиковый (комплект 5 шт);
184	KPI39	32	Отклонение	МФГ: По заявке 000143362 в ЭКП был собран рулон приближенный к количеству указанный в заказе.;
185	KPI39	32	Сбой	МФГ: Технический сбой тсд привел к простою работы склада оборудования. Заявка ХД 202408129967 ;
186	KPI39	34	Инцидент	МФГ: Сотрудник склада ошибочно укомплектовал одну коробку вместо одной рамки шестью рамками в Мега-Парнас SL-2.;
187	KPI39	34	Сбой	"МФГ: Пластиковое оборудование было упаковано с нарушением требований: отсутствовала защитная упаковка (пупырчатая плёнка и картон), а также предупреждающая наклейка «хрупко». Гринвич BF-3 (Екатеринбург) \ Веер Молл BF-3 (Екатеринбург) PR00185336 \ 5000517298 \ 5000517299; 
МФГ: Планета ZR (Пермь) PR00185274 \ 5000517301 Оборудование не было упаковано. ( кронштейн никак не был обмотан);"
188	KPI40	11	Сбой	МФГ: Склад PR00162686 / 000122436 Стойка для одежды двусторонняя с вертикальной перфорацией (1 секция) 2 2/2, перегруз;
189	KPI40	12	Инцидент	ID: Комплектация по ID и LR менее 98 % со стороны бренда, отмена некоторых позиций к комплектации;
190	KPI40	14	Инцидент	МФГ: Полка по заявке 130565 временно утеряна на складе.;
191	KPI40	15	Инцидент	ZR: По ZR 126800,126811,131779 закрыты с недобором ситуация выясняется, оператор не отписался. BF 131391 по согласованию с брендом, не корректный остаток в 1С,SL 127313-потерян товар,бренду отписались,127396-закрыта с недобором, писем не было, требуется разобраться.;
192	KPI40	16	Инцидент	"ZR: По SL 000132274 закрыта с недобором т. к. товар был случайно отгружен излишком в другой магазин.оператор отписался. ZR 000132142(грузоместо Накопитель для вешалок ZR 2022 SMG, вероятно уехало на объект, данное место будут искать на объекте) , 000131803(Временно утеряно на складе УЗ позиция Искусственное растение в горшке h-160 см 1 шт.), 000129819( заявка выгружена не с тем статусом, который есть на остатке УЗ); 
ZR: Премьер ZR-3 (Рязань) SO000122057 / PR00167345 Огнетушитель ОП-5 (5л) ZR (VER)Скомплектовал огнетушители без шланга, паспорта и сертификата соответствия.;"
193	KPI40	19	Сбой	 BF: МегаМаг BF-2 (Ростов) PR00170560 / 000133948 Было скомплектованно и отгружено с излишком  оборудование. (вместо 2000 иголок , отправил 20000.);
194	KPI40	26	Отклонение	Технический: При сборке заказа 000137838 не были найдены светильники в кол-ве 8шт, номер 643400891. Заказ был отгружен не в полном объёме.;
195	KPI40	32	Отклонение	МФГ: По 000142088 керамогранита было отгружено мешьне, т.к плитки небыло на остатке ;
196	KPI40	32	Сбой	МФГ: Технический сбой тсд привел к простою работы склада оборудования. Заявка ХД 202408129967 ;
197	KPI40	33	Отклонение	"МФГ: в заявке 000141560 менеджером было некорректно указано количество плитки (не кратно упаковке), поэтому закрыта с расхождением; 
МФГ: по заявке 000141396 не было на остатках номенклатуры ""Рамка (белая/черная) для картинки на стену 50*70 см"", поэтому закрыта с расхождением; 
МФГ: по заявке 144175 менеджером было некорректно указано количество плитки (не кратно упаковке), поэтому закрыта с расхождением; 
ZR: по заявке 000134433 была замена позиции ""Арка пристенная с креплением ZR"", на нее выгружена новая заявка; 
МФГ: по заявкке 000134435 была замена позиции ""Подиум для ТМ 1300*700*150 овал MS"", на нее выгружена новая заявка; 
МФГ: по заявке 000134437 позиция ""Вешалка жакетная белая TW"" отгружена не полностью по причине недостаточного количества на остатках;"
198	KPI40	33	Сбой	МФГ: Броско Молл SL (Хабаровск) 000143626 / PR00184090 Собрал IT-оборудование на другой магазин.;
199	KPI40	34	Отклонение	"МФГ: заявка 000137956  закрыта с расхождением по просьбе менеджера; 
МФГ: заявка 140466 закрыта с расхождением, была замена позиции ""Полка ЛДСП под Бетон  ZA-PO-011.11"";"
200	KPI41	26	Инцидент	BF: Склад 643400891  Светильник Трековый LED - Белый 30W  3000K Bonilux Б/у;
201	KPI42	14	Инцидент	МФГ: Не успели обработать запланированный объем к отгрузке;
202	KPI42	15	Инцидент	МФГ: Не успели обработать запланированные заявки к отгрузке, в виду больших объемов.;
203	KPI42	16	Инцидент	МФГ: Не успели обработать запланированные заявки к отгрузке, в виду больших объемов.;
204	KPI42	19	Инцидент	МФГ: Не успели обработать запланированный объем к отгрузке;
205	KPI42	32	Отклонение	МФГ: Приоритетность была поставлена на сбор заявок на открытие, из-за этого были перенесены заявки на магазины;
206	KPI42	33	Отклонение	МФГ: 332 заявки не были отгружены вовремя в связи с выгрузкой большого количества заявок на открытия и отсутствем должного количества персонала для своевременной комплектации;
207	KPI42	34	Отклонение	МФГ: отгрузка 13 заявок ТК Транзит Авто Москва была перенесена с 20.08 на 23.08;
208	KPI42	35	Отклонение	МФГ: Заявки были перенесены из-за отсутствия должного количества персонала для своевременной комплектации;
209	KPI43	4	Инцидент	"BF: Веер Молл BF-2 (Екатеринбург) Сломали стеллаж ""Каллакс"", потеряли 360 жакетных вешалок; 
BF: Кузьминки Молл BF (Москва) Отсутствую подвесы для шинопроводов; 
BF: Акваполис BF (Псков) На объект отправили полки другого цвета; 
SL: Афимолл SL (Москва) SO000115858 Керамогранит под ТРАВЕРТИН, 60*60 см, ПРО МАТРИКС (v2) не доехал до магазина; 
BF: Веер Молл BF-2 (Екатеринбург) SO000115092 На магазин поступили незаказанные товары; 
ZR: Калейдоскоп ZR (Новосибирск) SO000116154/PR00157957 Съемник для датчиков универсальный круглый . Магазин утверждает, что не получил товар;"
210	KPI43	5	Инцидент	BF: Магазины BeFree Cклад постоянно теряет документы от Невского Плаката, приходится запрашивать сканы и поставщик повторно везет доки в офис. до бухгалтерии оригиналы также не доезжают со склада. 31.01 потеряли поставку которая пришла им 30.01, 01.02 написали что она без документов, спустя час доки нашли на складе.;
211	KPI43	7	Инцидент	"BF: Авиатор bf (Жуковский) 000126968 / SO000117497 БЕЙДЖ для продавцов ДЕРЕВЯННЫЕ (в комп. 5 шт). магазин не получил свой заказ; 
BF: Охта Молл LR (СПб) PR00159799/000126963 Подставка А4 на кассу. Не получили заказ.; 
ZR: Европейский ZR (Москва) SO000116155 / 5000451444/PR00159959 Съемник для датчиков универсальный круглый не доехали до магазина;"
212	KPI43	7	Сбой	МФГ: Склад SO000117190 / SO000117373 / SO000117400 Товар не отправлен получателю, статус ОТГРУЖЕН, в итоге найден на складе. В том числе шторы для Изумрудный Город BF-2 (Томск)шторы;
213	KPI43	9	Инцидент	"МФГ: Лето LR-2 (СПб).  Стойки в собранном виде, но на каждую часть наклеено перемещение на другую номенклатуру. Вот потом и происходит путаница и бесчисленные пересорты; 
ID: Аура ID (Ярославль) SO000118282/000127754 По заявке на склад 000127754  приехало не то количество светильников.;"
214	KPI43	10	Инцидент	LR: Мега-Дыбенко LR-4 (Спб) SO000118965/ 000125042 Полка для стойки пристенной U-образной LR, перегруз;
215	KPI43	11	Инцидент	"SL: Радуга SL (СПб) SO000119348 / 000128073 Стойка для одежды двухсторонняя с вертикальной перфорацией, 1 секция  недовоз; 
SL: Аура SL (Новосибирск) SO000119483/ 000128052 приехала стойка для одежды не в полном комплекте, не хватает металлического карскаса;"
216	KPI43	14	Инцидент	"LR: Модный Квартал(Иркутск) Столешница ""Стемалит"" , Crystal Vision RAL 9003 10 мм, для Двойной кассы V3 LR;"
217	KPI43	15	Сбой	МФГ: склад столешница при отгрузке выявили повреждения товара;
218	KPI43	16	Инцидент	BF: Мега BF-2 (Н.Новгород) SO000122271 / 000131706 Не отгрузили 7 грузомест в транспортную K+N.;
219	KPI43	24	Сбой	ZR: Порт-Находка ZR 5000491623 Не отгрузили лестницу;
220	KPI43	26	Сбой	"МФГ: Склад Не проконтролировал отгрузку, в результате чего грузчики расформировали паллет и загрузили в машину грузоместа без маркировки.; 
МФГ: Транспортная компания В силу неопытности неверно собрал грузоместа. Объеденил несколько коробов на одном грузоместе. В результате чего на терминале грузоперевозчика произошла путаница.;"
221	KPI43	29	Инцидент	"BF: Армада-2  BF (Оренбург) ОТКРЫТИЕ SH000012809 Недогруз 28 грузомест, потенциальный срыв открытия; 
LR: Мега-Парнас LR-3 (СПб) SO000131717 643294422 Ящик Napoli 400х230х200 PP, красный  арт. 5004 .;"
222	KPI43	30	Инцидент	BF: Седьмое Небо BF-2 (Н. Новгород) SO000131969 643475460 КОМПЛЕКТ листовок ПОСЛЕДНИЙ ШАНС 2шт. Вместо 2 комлектов отобрал 1.;
223	KPI43	32	Инцидент	МФГ: Галерея BF-2 (Новосибирск) PR00182261 Тележка платформенная ТН300 ТД - 643312359;
224	KPI43	32	Сбой	МФГ: Склад 08.08.2024 0:00:00 При отгрузке не могли найти грузовое место. Не было этикеток Отгрузочных листов. ;
225	KPI43	33	Инцидент	"МФГ: Метрополис ID (Москва) SH000012961 Недогрузил грузовое место в машину 5000512524. Так же отгрузил лишние оборудование 5000512689; 
МФГ: Красный Кит ZR-2 (Мытищи) 5000514300\5000514299\5000514298 Недогрузил 3 грузовых места.; 
МФГ: Зеленопарк ZR (Москва) 5000514427 Недогрузил 1 грузовое место.; 
МФГ: Броско Молл SL (Хабаровск) 5000516815 Недогрузил 1 грузовое место.;"
226	KPI43	34	Инцидент	"МФГ: Красный Кит ZR-2 (Мытищи)\Мега LR-2 (Ростов-на-Дону)\Арена LR (Воронеж) 5000499871\5000516282\5000516055 Недогрузил 3 грузовых места.; 
МФГ: Семеновский SL (Москва) 5000499877 Загрузил 1 грузовое место лишние. ;"
227	KPI43	36	Инцидент	"BF: Заявки/заказы: 145049_x000D_
Магазин/ы: Мега-Парнас BF 2 (СПб) _x000D_
Описание: на складе произошёл недогруз оборудования.;"
228	KPI43	36	Сбой	МФГ: Columbus BF (Москва) 5000522616 Светильник белый 30W 4000K 36 deg LUXEON/;
229	KPI44	13	Сбой	МФГ: Склад TR00223948 При размещении оборудования, разместил не верное количество оборудования в ячейку( вместо 100 штук  всего 60) А в другую ячейку просто поставил физически,без системного размещения .Тем самым товар был временно утерян;
230	KPI46	1	Сбой	"МФГ: TR00205509 Крепеж для светильника MARS, E27, потеряно в М01; 
МФГ: TR00205286  Светильник светодиодный 5W 4000К 230В 300мм IP40 IN HOME, товар потерян на складе;"
231	KPI46	2	Сбой	SL: TR00206367 Прозрачный стикер с размером 20*120 мм, SL,  неверное размещение;
232	KPI46	3	Инцидент	ID: Галерея ID (Новосибирск) SO000114642/PR00157042/PR00157166 Полка навесная 490*1100 ID магазин недоволен качеством товара;
233	KPI46	3	Сбой	МФГ: TR00208100/TR00208089 при сборке не нашли товар на ячейке, обнаружили рядом;
234	KPI46	4	Инцидент	SL: Охта Молл SL-2 (СПб) SO000116164/PR00157921 Карта (пластик) - 100 шт. Магазин утверждает,что пришел не тот товар;
235	KPI46	5	Сбой	МФГ: Склад 7000812432/7000786448 Рейл Т-образный  регулируемый белый Ral 9016, не довезли;
236	KPI46	6	Сбой	LR: Каскад2 LR (Чебоксары) 122537 Подиум - цилиндр для сумок H600 D400 белый LR - с браком;
237	KPI46	8	Инцидент	МФГ: TR00215502 Шторы befree. Не находятся в выделенной ячейке;
238	KPI46	8	Сбой	МФГ: Склад TR00215197 Неверное размещение товара на ячейку;
239	KPI46	9	Сбой	"МФГ: Склад Стремянка с 7 ступенями 643467502 повреждена на складе; 
МФГ: Склад TR00217383 Стойка пристенная двойная, крестовая (4К) LR. При транспортировки были повреждены 2 стойки;"
240	KPI46	10	Сбой	"МФГ: Склад TR00218022 Стойка пристенная двойная, крестовая (4К) LRПри транспортировки были повреждены 2 стойки; 
МФГ: Склад Разместил палет без перемещения; 
SL: Норд SL (Санкт-Петербург) SO000119039/000128609 Коллеги, по заявке 000128609 была отправка манекена в НОРД SL СПб, но он пришел без кисти.;"
241	KPI46	11	Инцидент	"LR: Мега-Дыбенко LR-4 SO000119340 / 000128939 /TR00220169 / PR00162449 По заявке 000128939
Вместо тонких плечиков LR пришло пришло в магазин 9 коробов плечиков ZARINA
Я бы хотел разобраться в ситуации, и отгрузить верные вешалки.;"
242	KPI46	11	Сбой	МФГ: склад TR00220197/ 7000951502 размещение длинномерого товара на стеллажах, не преспособленных для этого (протекает );
243	KPI46	12	Сбой	"МФГ: Оборудование бренда ZR 643504198  Искусственное растение в горшке ОЛИВА h220 при осмотре менеджером товара, упало дерево, повреждено; 
МФГ: Оборудование бренда ZR Искусственное растение в горшке ФИКУС h180 Сотрудник сторонней компании, повредил дерево, на него упали коробки с паллета; 
МФГ: Склад  TR00222203 Разместил товар по системе в одну ячейку, физически в другую.;"
244	KPI46	13	Сбой	"МФГ: склад TR00223946/ 7000788646 размещение длинномерого товара на стеллажах, не преспособленных для этого (протекает ); 
LR: Склад Световой короб имиджи 3100(ш)х3400(в)х100(г)мм;"
245	KPI46	15	Сбой	"МФГ: склад TR00226860/ 7000492542 размещение длинномерого товара на стеллажах, не преспособленных для этого (протекает ); 
МФГ: склад TR00227321/ TR00227403 Керамический гранит LN01 60x60x10 неполир; 
МФГ: Cклад TR00226574 / TR00226758 ИТ-оборудование, короб; 
МФГ: Склад TR00226666 Фанкойл кассетный MDV MDKA-1200R; 
МФГ: Склад TR00226668 Панель декоративная Hisense AUC-950R;"
246	KPI46	16	Сбой	"МФГ: Склад TR00229117 Подиум для вешала Г-образного - 700х450х1790мм ID; 
МФГ: Склад TR00228975 ПЛАКАТЫ ЛОЯЛЬНОСТЬ SS24 Лондон Молл LR (СПб) Лондон Молл LR (СПб);"
247	KPI46	17	Сбой	МФГ: Склад  TR00230776 Было нарушение размещения крупногабаритного оборудования в не соответствующую ячейку.;
248	KPI46	20	Сбой	МФГ: Cклад 643518110/ 643507001/ 643488913  Cотрудник сделал транспортировки одной и той же позиции на разные ячейки, с целью увеличить кол-во выполненного, что привело к увеличению времени сборки заказов;
249	KPI46	21	Сбой	"МФГ: Склад TR00235510 При транспортирвки оборудования сотрудник не застропил палет, тем самым мог повлеч к падению оборудования с верхних ярусов, при дальнейших транспортировках.; 
МФГ: Склад TR00235346 При транспортировке оборудования, разместил колонки ,без системы,что повлекло к утере оборудования на складе.643517257 колонка встр. BOSE;"
250	KPI46	22	Инцидент	ZR: Склад Кресло ZAMPA, 800х750х760 Kiton 05 серый потеряно на складе. ;
251	KPI46	24	Инцидент	LR: Склад Потеряли на складе: 643518414, 643519833, 643519834;
252	KPI46	29	Сбой	"SL: Склад 643441667 Перегородка на пристенное оборудование (4 штуки). Водитель штабеллера, перед подъемом, не проконтролирова закрепление тмц на паллете, что в совокупности с быстрым подъемом на высоту привело к падению паллеты.; 
ZR: Склад 643476612 Стол полукруглый бельевой H=700мм TS. Во время подготовки паллеты со столами к подъемы, грузчиком был замечен брак (выломанные ножки стола);"
253	KPI46	32	Сбой	МФГ: Технический сбой тсд привел к простою работы склада оборудования. Заявка ХД 202408129967 ;
254	KPI46	35	Отклонение	МФГ: Большой объем мелкоштучной приемки;
255	KPI47	10	Инцидент	МФГ: Не своевременно отгрузка товара со склада,оператор ошибочно не завершил вовремя ;
256	KPI47	11	Инцидент	МФГ: Не своевременно отгрузка товара со склада,Афимолл SL (Москва) ;
257	KPI47	12	Инцидент	МФГ: Не своевременно отгрузка товара со склада,оператор ошибочно не завершил вовремя ;
258	KPI47	13	Отклонение	МФГ: На смену вышло меньше аутсорса. Задержки по отгрузкам и разрузкам. ;
259	KPI47	14	Инцидент	МФГ: Груз не был вовремя подготовлен, задерка отгрузки;
260	KPI47	15	Инцидент	МФГ: 6 авто оператор не вовремя завершал заявку , 1 авто задержка по ЗНТ 19704 по причине не своевременной готовности;
261	KPI47	16	Инцидент	МФГ: оператор не вовремя завершил заявку ;
262	KPI47	17	Инцидент	МФГ: оператор не вовремя завершил заявку ;
263	KPI47	19	Инцидент	МФГ: Не своевременно погрузка оборудования со склада,оператор ошибочно не завершил вовремя ;
264	KPI47	20	Инцидент	ZR: Погрузка Невский-2 ZR-3  3ч 31 мин ??? система выдает несвоевременность погрузки;
265	KPI47	21	Отклонение	ZR: Не были сделаны замеры для  Галилео ZR (Минск) (000010626);
266	KPI47	22	Отклонение	МФГ: Не своевременно отгрузка товара со склада,оператор ошибочно не завершил вовремя (10786, 10643);
267	KPI47	23	Отклонение	LR: Не своевременно отгрузка товара со склада (000010832, 000010836) по причине большого обьема отгрузки;
268	KPI47	28	Отклонение	SL: Оборудование для открытия магазина Гудок SL (Самара). Отгрузку по заданию ТС 000011731, не завершили своевременно по причине большого объема оборудования.;
269	KPI47	29	Отклонение	МФГ: Оборудование для открытия магазина ГМега-Парнас LR-3 (СПб),Мега LR-3 (Омск). Отгрузку по заданию ТС 000011886, 000011830 не завершили своевременно по причине большого объема оборудования.;
270	KPI47	31	Отклонение	МФГ: По заданию ТС номер 000012257 по системе была не вовремя завершена погрузка.;
271	KPI47	32	Отклонение	BF: По заданию ТС 000012386 грузилась машина на открытие валовой погрузкой.Одипарк BF (Одинцово) По заданию ТС 000012385 грузилась машина на открытие валовой погрузкой. Калина Молл ID (Владивосток);
272	KPI47	33	Отклонение	ZR: Машины Аврора ZR-2 (Самара) и Сити-парк Град BF-3 (Воронеж) были погружены валовым методом по запросу, что увеличивает срок погрузки.;
273	KPI47	34	Отклонение	"ZR: по заданию 000012779 погрузка на Зеленопарк ZR-2 (Зеленоград) заняла много времени по причине большого обьема отгрузки; 
МФГ: задание 000012832 несвоевременно завершено. оператор ошибочно не завершил вовремя.; 
МФГ: задание 000012761несвоевременно завершено. оператор ошибочно не завершил вовремя.;"
274	KPI47	36	Инцидент	МФГ: Оператор не вовремя завершил задание транспортному средству 000013277 ;
275	Other	9	Отклонение	МФГ: LR заявка для склада оборудования 125048 скопмлектована не полностью. Количество заказанного оборудования больше того что в наличии на складе. Остатки в 1С не корректные.;
276	Other	11	Инцидент	МФГ: Отгружены задвоенные короба на Кучино;
277	Other	12	Инцидент	МФГ: Бренд утверждает, что не получил комплектующие к стойке, а мы не можем отпределить, должны они быть или нет. нет ни фото, ни какой информации об этом, как должно выглядеть оборудование ;
278	Нет	9	Отклонение	МФГ: Заявки на утилизацию BF,LR,ZR,SL.;
279	Нет	10	Отклонение	"BF: BF сформировал заявку на Фамилию на 3313 единиц в статусе ""кондиция Товар, который попал в недобор, есть в наличии, но в статусе ""брак"" или ""утиль"";"
280	Нет	19	Инцидент	SL: В процессе приемки транзитных коробов был выявлен короб без опозновательных знаков. В процессе опознания короба оказалось, что короб предназначается для ОЗОНА. Товар в коробе не упакован в индивидуальную упаковку. Магазин Европолис SL-2 (СПб);
281	Нет	20	Отклонение	"SL: Водитель Пастель Александр принял товар 5 коробов к перемещению с магазина Sela на УЗ без сопроводительных документов; 
МФГ: Погрузка утиля на вывоз без поддонов. Соглашение с поставщиком ; 
ZR: Менеджер закупок ZR Ледовской создал заявку на сборку и не указал дату отгрузки. Т.к. ZR отказывается делать ЗНТ, ТМЦ отгрузили по факту сборки. Покупатель хотел забрать стол со склада. Стол водители вернули на УЗ.;"
282	Нет	21	Инцидент	"ZR: На склад УЗ по ЗНТ 19873 была выгружена ТС с ТО после закрытия Седьмое Небо ZR-2 (Нижний Новгород)._x000D_
В данной машине также поступили переброски на регионы, которые склад не может принять и отгрузить верному получателю из-за того, что в перемещениях не стоит галочка «готово к отгрузке». _x000D_
; 
ID: Магазин Галерея ID отправил транзитные короба без опозновательных знаков, а также с некорректными транспортными этикетками ;"
283	Нет	21	Отклонение	"МФГ: При планировании ЗНС 2636546, 2635836, 2636162 было заблокировано более 40 ячеек, что привело к задержке планирования ЗНС; 
ZR: По Маршлуту Квен №12 в Магазин Мега Дыбенко ZR по системе отгружено 19 коробов. В документах прописано 20 коробов. Также в документах на данный магазин оператор не проставил печати в пункте 8 и 12; 
МФГ: При отгрузке короба в офис по ЗНС 00000020230 на коробе был указан некорректно получаетель при подготовки коробов в офис. ;"
284	Нет	22	Отклонение	ZR: За 27.05.2024 в управлении двором отсутствует информацию по водителю на отгрузку оборудования на Галилео ZR-2 (Минск):;
